﻿<?xml version="1.0" encoding="utf-8" ?>
<Mod Name="#33CDFF#Scions of the Endless#REVERT#" Guid="C1C0725E-5015-4D87-BC56-49FFD509C6BD" Standalone="false">

  <Version Major="1" Minor="2" Revision="6" Serial="0" />
  <MinimumRequiredGameVersion Major="1" Minor="01" Revision="54" Serial="03" />
  <RequestedDLCName>Disharmony</RequestedDLCName>
  <Authors>#33CDFF#Crymson#REVERT#</Authors>
  <Homepage>http://forums.amplitude-studios.com/showthread.php?14659-Mindwerkz-Inc.-Mods</Homepage>
  <ReleaseDate>2015-02-09</ReleaseDate>

  <ReleaseNotes>
The Scions of the Endless walk the stars and soon their enemies shall tremble at their tread.
  </ReleaseNotes>

  <Description>
Adds additional faction traits to the baseline set.
Spacefarers, Increases population on asteroids and orbital colonies while lowering it on planets.
Subterranean Dwellers, Increases population on planets and lowers it on asteroids and orbital colonies 
Inspired Intellectuals, Lowers the cost for technology development.
Self Sufficient Colonists, Lowers the demand for food.
Industrialists, Increase the Industry production of your population.
Expansionists, Lowers the overcolonization malus.
Tinkerers, Increase ship repair rates and lower ship refit costs.
Military Hegemony, Increases Ship XP income.
Bureaucracy, Increases the number of hero slots in the academy and the rate heroes arrive in your empire.
Hero Worship, Increase the rate of Hero XP income.
Capitalism, Buyout costs are lowered.
Blitzkrieg, Invasion power is increased.
Expert Logistics, Ship upkeep costs are reduced.

Additionally adds new tiers of traits to the existing set allowing for more extreme custom faction design.

Version 1.2.1

Adjusted Pilgrims Affinity *again*

Added comprehensive Compound Traits, marked with a *

Added Enhanced Population Growth Trait

1.2.3

Finalized Trait restrictions and localization text.

1.2.4

Adjusted larcenous Practices for balance

1.2.5

Added minor tuning traits
Expanded Luxury bonus, Stragtegic Fids bonus, and Strategic resource Monopoly bonus
Added Reduced upkeep trait
Added Planetary Arcologies trait

1.2.6

Added military power to fighters
Adjusted communalism
restricted all max pop traits from stacking

  </Description>

  <Tag>General</Tag>

  <Gui>
    <Title>%ModName</Title>
    <Description>%ModDescription</Description>
    <Icon Small="Gui/Icon-Small" Large="Gui/Icon-Large" Wide="Gui/Icon-Wide"/>
  </Gui>

  <Game>
    <Database>
      <Repository Target="FactionTrait">
        <File>Simulation/SEFactionTrait.xml</File>
      </Repository>
      <Repository Target="FactionTraitEffect">
        <File>Simulation/SEFactionTrait.xml</File>
      </Repository>
      <Repository Target="Gui">
        <File>Simulation/SEEmpireTraitDescriptor.xml</File>
        <File>Simulation/SEFactionTrait.xml</File>
        <File>Simulation/SEEmpireImprovement.xml</File>
	    <File>Simulation/SESpecialModule.xml</File>
      </Repository>
      <Repository Target="SimulationDescriptor">
        <File>Simulation/SEEmpireTraitDescriptor.xml</File>
		<File>Simulation/SEEmpireDescriptor.xml</File>
	  </Repository>
	  <Repository Target="Improvement">
        <File>Simulation/SEEmpireImprovement.xml</File>
      </Repository>
      <Repository Target="Technology">
		<File>Simulation/SETechnologyExpansion.xml</File>
      </Repository>
      <Repository Target="Module">
	    <File>Simulation/SESpecialModule.xml</File>
      </Repository>
    </Database>
  </Game>

</Mod>