<?xml version="1.0" encoding="utf-8" ?>
<Datatable xmlns:xsi="http://www.w3.org/2001/XMLSchema-instance" xmlns:xsd="http://www.w3.org/2001/XMLSchema">

  <!-- Bioshpere Adaptability techs -->
  <SimulationObjectDescriptor Name="AdaptTundra" Type="AdaptTundra" Serializable="true">
    <SimulationObjectPropertyModifierDescriptors>
      <SimulationObjectPropertyModifierDescriptor TargetProperty="Food" Value="2" OperationType="Addition" Path="ClassEmpire/ClassStarSystem/ClassPlanet,PlanetTypeTundra"/>
      <SimulationObjectPropertyModifierDescriptor TargetProperty="Approval" Value="5" OperationType="Addition" Path="ClassEmpire/ClassStarSystem/ClassPlanet,PlanetTypeTundra"/>
    </SimulationObjectPropertyModifierDescriptors>
  </SimulationObjectDescriptor>
 
  <SimulationObjectDescriptor Name="AdaptArid" Type="AdaptArid" Serializable="true">
    <SimulationObjectPropertyModifierDescriptors>
      <SimulationObjectPropertyModifierDescriptor TargetProperty="Food" Value="2" OperationType="Addition" Path="ClassEmpire/ClassStarSystem/ClassPlanet,PlanetTypeArid"/>
      <SimulationObjectPropertyModifierDescriptor TargetProperty="Approval" Value="5" OperationType="Addition" Path="ClassEmpire/ClassStarSystem/ClassPlanet,PlanetTypeArid"/>
    </SimulationObjectPropertyModifierDescriptors>
  </SimulationObjectDescriptor>

  <SimulationObjectDescriptor Name="AdaptDesert" Type="AdaptDesert" Serializable="true">
    <SimulationObjectPropertyModifierDescriptors>
      <SimulationObjectPropertyModifierDescriptor TargetProperty="Food" Value="3" OperationType="Addition" Path="ClassEmpire/ClassStarSystem/ClassPlanet,PlanetTypeDesert"/>
	  <SimulationObjectPropertyModifierDescriptor TargetProperty="Approval" Value="10" OperationType="Addition" Path="ClassEmpire/ClassStarSystem/ClassPlanet,PlanetTypeDesert"/>
    </SimulationObjectPropertyModifierDescriptors>
  </SimulationObjectDescriptor>

  <SimulationObjectDescriptor Name="AdaptArctic" Type="AdaptArctic" Serializable="true">
    <SimulationObjectPropertyModifierDescriptors>
      <SimulationObjectPropertyModifierDescriptor TargetProperty="Food" Value="3" OperationType="Addition" Path="ClassEmpire/ClassStarSystem/ClassPlanet,PlanetTypeArctic"/>
	  <SimulationObjectPropertyModifierDescriptor TargetProperty="Approval" Value="10" OperationType="Addition" Path="ClassEmpire/ClassStarSystem/ClassPlanet,PlanetTypeArctic"/>
    </SimulationObjectPropertyModifierDescriptors>
  </SimulationObjectDescriptor>

  <SimulationObjectDescriptor Name="AdaptBarren" Type="AdaptBarren" Serializable="true">
    <SimulationObjectPropertyModifierDescriptors>
      <SimulationObjectPropertyModifierDescriptor TargetProperty="Food" Value="4" OperationType="Addition" Path="ClassEmpire/ClassStarSystem/ClassPlanet,PlanetTypeBarren"/>
      <SimulationObjectPropertyModifierDescriptor TargetProperty="Food" Value="4" OperationType="Addition" Path="ClassEmpire/ClassStarSystem/ClassPlanet,PlanetTypeLava"/>
	  <SimulationObjectPropertyModifierDescriptor TargetProperty="Approval" Value="15" OperationType="Addition" Path="ClassEmpire/ClassStarSystem/ClassPlanet,PlanetTypeBarren"/>
      <SimulationObjectPropertyModifierDescriptor TargetProperty="Approval" Value="15" OperationType="Addition" Path="ClassEmpire/ClassStarSystem/ClassPlanet,PlanetTypeLava"/>
    </SimulationObjectPropertyModifierDescriptors>
  </SimulationObjectDescriptor>

  <SimulationObjectDescriptor Name="AdaptAsteroids" Type="AdaptAsteroids" Serializable="true">
    <SimulationObjectPropertyModifierDescriptors>
      <SimulationObjectPropertyModifierDescriptor TargetProperty="Food" Value="4" OperationType="Addition" Path="ClassEmpire/ClassStarSystem/ClassPlanet,PlanetTypeAsteroids"/>
	  <SimulationObjectPropertyModifierDescriptor TargetProperty="Approval" Value="20" OperationType="Addition" Path="ClassEmpire/ClassStarSystem/ClassPlanet,PlanetTypeAsteroids"/>
    </SimulationObjectPropertyModifierDescriptors>
  </SimulationObjectDescriptor>

  <SimulationObjectDescriptor Name="AdaptGas" Type="AdaptGas" Serializable="true">
    <SimulationObjectPropertyModifierDescriptors>
      <SimulationObjectPropertyModifierDescriptor TargetProperty="Food" Value="4" OperationType="Addition" Path="ClassEmpire/ClassStarSystem/ClassPlanet,PlanetTypeGasHydrogen"/>
      <SimulationObjectPropertyModifierDescriptor TargetProperty="Food" Value="4" OperationType="Addition" Path="ClassEmpire/ClassStarSystem/ClassPlanet,PlanetTypeGasHelium"/>
      <SimulationObjectPropertyModifierDescriptor TargetProperty="Food" Value="4" OperationType="Addition" Path="ClassEmpire/ClassStarSystem/ClassPlanet,PlanetTypeGasMethane"/>
	  <SimulationObjectPropertyModifierDescriptor TargetProperty="Approval" Value="20" OperationType="Addition" Path="ClassEmpire/ClassStarSystem/ClassPlanet,PlanetTypeGasHydrogen"/>
      <SimulationObjectPropertyModifierDescriptor TargetProperty="Approval" Value="20" OperationType="Addition" Path="ClassEmpire/ClassStarSystem/ClassPlanet,PlanetTypeGasHelium"/>
      <SimulationObjectPropertyModifierDescriptor TargetProperty="Approval" Value="20" OperationType="Addition" Path="ClassEmpire/ClassStarSystem/ClassPlanet,PlanetTypeGasMethane"/>
    </SimulationObjectPropertyModifierDescriptors>
  </SimulationObjectDescriptor>

</Datatable>