<?xml version="1.0" encoding="utf-8" ?>
<Datatable xmlns:xsi="http://www.w3.org/2001/XMLSchema-instance" xmlns:xsd="http://www.w3.org/2001/XMLSchema">

  
  <EmpireImprovement Name="AdaptTundra">
    <Descriptors>AdaptTundra</Descriptors>
    <PathsPrerequisites></PathsPrerequisites>
    <Gui>
      <Title>%AdaptTundraTitle</Title>
      <Description>%AdaptTundraDescription</Description>
      <Icon Small="Gui/DynamicBitmaps/Improvements/Planets/ColonizationTundraSmall" Large="Gui/DynamicBitmaps/Improvements/Planets/ColonizationTundraLarge"/>
      <!-- <Tooltip><Description>%WithColonizeTraitScience03TooltipEffect</Description></Tooltip> -->
    </Gui>
  </EmpireImprovement>

  <EmpireImprovement Name="AdaptArid">
    <Descriptors>AdaptArid</Descriptors>
    <PathsPrerequisites></PathsPrerequisites>
    <Gui>
      <Title>%AdaptAridTitle</Title>
      <Description>%AdaptAridDescription</Description>
      <Icon Small="Gui/DynamicBitmaps/Improvements/Planets/ColonizationAridSmall" Large="Gui/DynamicBitmaps/Improvements/Planets/ColonizationAridLarge"/>
    </Gui>
  </EmpireImprovement>
  
  <EmpireImprovement Name="AdaptDesert">
    <Descriptors>PlanetTypeDesert</Descriptors>
    <PathsPrerequisites>$(PlanetTypeDesert)</PathsPrerequisites>
    <Gui>
      <Title>%AdaptDesertTitle</Title>
      <Description>%AdaptDesertDescription</Description>
      <Icon Small="Gui/DynamicBitmaps/Improvements/Planets/ColonizationDesertSmall" Large="Gui/DynamicBitmaps/Improvements/Planets/ColonizationDesertLarge"/>
    </Gui>
  </EmpireImprovement>
  
  <EmpireImprovement Name="AdaptArctic">
    <Descriptors>PlanetTypeArctic</Descriptors>
    <PathsPrerequisites>$(PlanetTypeArctic)</PathsPrerequisites>
    <Gui>
      <Title>%AdaptArcticTitle</Title>
      <Description>%AdaptArcticDescription</Description>
      <Icon Small="Gui/DynamicBitmaps/Improvements/Planets/ColonizationArcticSmall" Large="Gui/DynamicBitmaps/Improvements/Planets/ColonizationArcticLarge"/>
    </Gui>
  </EmpireImprovement>
  
  <EmpireImprovement Name="AdaptBarren">
    <Descriptors>PlanetTypeBarren;PlanetTypeLava</Descriptors>
    <PathsPrerequisites>$(PlanetTypeBarren) or $(PlanetTypeLava)</PathsPrerequisites>
    <Gui>
      <Title>%AdaptBarrenTitle</Title>
      <Description>%AdaptBarrenDescription</Description>
      <Icon Small="Gui/DynamicBitmaps/Improvements/Planets/ColonizationBarrenSmall" Large="Gui/DynamicBitmaps/Improvements/Planets/ColonizationBarrenLarge"/>
    </Gui>
  </EmpireImprovement>

  <EmpireImprovement Name="AdaptAsteroids">
    <Descriptors>PlanetTypeAsteroids</Descriptors>
    <PathsPrerequisites>$(PlanetTypeAsteroids)</PathsPrerequisites>
    <Gui>
      <Title>%AdaptAsteroidsTitle</Title>
      <Description>%AdaptAsteroidsDescription</Description>
      <Icon Small="Gui/DynamicBitmaps/Improvements/Planets/ColonizationAsteroidsSmall" Large="Gui/DynamicBitmaps/Improvements/Planets/ColonizationAsteroidsLarge"/>
    </Gui>
  </EmpireImprovement>
  
  <EmpireImprovement Name="AdaptGas">
    <Descriptors>PlanetTypeGasHydrogen;PlanetTypeGasHelium;PlanetTypeGasMethane</Descriptors>
    <PathsPrerequisites>$(PlanetTypeGasHydrogen) or $(PlanetTypeGasHelium) or $(PlanetTypeGasMethane)</PathsPrerequisites>
    <Gui>
      <Title>%AdaptGasTitle</Title>
      <Description>%AdaptGasDescription</Description>
      <Icon Small="Gui/DynamicBitmaps/Improvements/Planets/ColonizationGasHydrogenSmall" Large="Gui/DynamicBitmaps/Improvements/Planets/ColonizationGasHydrogenLarge"/>
    </Gui>
  </EmpireImprovement>
  
  </Datatable>