<?xml version="1.0" encoding="utf-8"?>
<Datatable xmlns:xsi="http://www.w3.org/2001/XMLSchema-instance" xmlns:xsd="http://www.w3.org/2001/XMLSchema">

<!-- Luminality - Colored Anomalies -->
  <!-- Advantageous Anomalies -->
  <LocalizationPair Name="%PlanetAnomaly01Title">#38EC00#Garden of Eden</LocalizationPair>
  <LocalizationPair Name="%PlanetAnomaly02Title">#38EC00#Ancient Ruins</LocalizationPair>
  <LocalizationPair Name="%PlanetAnomaly03Title">#38EC00#Ancient Artifacts</LocalizationPair>
  <LocalizationPair Name="%PlanetAnomaly04Title">#38EC00#Dust Ruins</LocalizationPair>
  <LocalizationPair Name="%PlanetAnomaly05Title">#38EC00#Coral Reefs</LocalizationPair>
  <LocalizationPair Name="%PlanetAnomaly06Title">#38EC00#Cyber Flora</LocalizationPair>
  <LocalizationPair Name="%PlanetAnomaly07Title">#38EC00#Friendly Locals</LocalizationPair>
  <LocalizationPair Name="%PlanetAnomaly08Title">#38EC00#Strange Fossils</LocalizationPair>
  <LocalizationPair Name="%PlanetAnomaly09Title">#38EC00#Rich Soil</LocalizationPair>
  <LocalizationPair Name="%PlanetAnomaly10Title">#38EC00#Mineral Rich</LocalizationPair>
  <LocalizationPair Name="%PlanetAnomaly11Title">#38EC00#Dust Lode</LocalizationPair>
  <LocalizationPair Name="%PlanetAnomaly12Title">#38EC00#Hadopelagic Life</LocalizationPair>
  <LocalizationPair Name="%PlanetAnomaly13Title">#38EC00#Microfactories</LocalizationPair>
  <LocalizationPair Name="%PlanetAnomaly14Title">#38EC00#Antonov Rings</LocalizationPair>
  <LocalizationPair Name="%PlanetAnomaly15Title">#38EC00#Huygens Rings</LocalizationPair>
  <LocalizationPair Name="%PlanetAnomaly16Title">#38EC00#Hollow Planet</LocalizationPair>
  <LocalizationPair Name="%PlanetAnomaly17Title">#38EC00#Mutated Flora</LocalizationPair>
  <LocalizationPair Name="%PlanetAnomaly18Title">#38EC00#Low Gravity</LocalizationPair>
  <LocalizationPair Name="%PlanetAnomaly19Title">#38EC00#Deserted Cities</LocalizationPair>
  <LocalizationPair Name="%PlanetAnomaly20Title">#38EC00#Molten Springs</LocalizationPair>
  <LocalizationPair Name="%PlanetAnomaly21Title">#38EC00#Rich Atmosphere</LocalizationPair>
  <LocalizationPair Name="%PlanetAnomaly24Title">#38EC00#Komatiite Volcano</LocalizationPair>
  <LocalizationPair Name="%PlanetAnomaly25Title">#38EC00#Propitious Seasons</LocalizationPair>
  <LocalizationPair Name="%PlanetAnomaly27Title">#38EC00#Molten Core</LocalizationPair>
  <LocalizationPair Name="%PlanetAnomaly28Title">#38EC00#Metallic Waters</LocalizationPair>
  <LocalizationPair Name="%PlanetAnomaly29Title">#38EC00#Robot Locals</LocalizationPair>
  <LocalizationPair Name="%PlanetAnomaly32Title">#38EC00#Dense Atmosphere</LocalizationPair>
  <!-- Debatable Anomalies -->
  <LocalizationPair Name="%PlanetAnomaly22Title">#FFA000#Ice 10</LocalizationPair>
  <LocalizationPair Name="%PlanetAnomaly22Reduction1Title">#38EC01#Ice 10</LocalizationPair>
  <LocalizationPair Name="%PlanetAnomaly23Title">#FFA000#Shattered Crust</LocalizationPair>
  <LocalizationPair Name="%PlanetAnomaly23Reduction1Title">#38EC01#Shattered Crust</LocalizationPair>
  <LocalizationPair Name="%PlanetAnomaly26Title">#FFA000#Permanent Monsoon</LocalizationPair>
  <LocalizationPair Name="%PlanetAnomaly26Reduction1Title">#38EC01#Permanent Monsoon</LocalizationPair>
  <LocalizationPair Name="%PlanetAnomaly30Title">#FFA000#Aurora Waves</LocalizationPair>
  <LocalizationPair Name="%PlanetAnomaly30Reduction1Title">#38EC01#Aurora Waves</LocalizationPair>
  <LocalizationPair Name="%PlanetAnomaly31Title">#FFA000#Metallic Ground</LocalizationPair>
  <LocalizationPair Name="%PlanetAnomaly31Reduction1Title">#38EC01#Metallic Ground</LocalizationPair>
  <LocalizationPair Name="%PlanetAnomaly33Title">#FFA000#Psychoactive Air</LocalizationPair>
  <LocalizationPair Name="%PlanetAnomaly33Reduction1Title">#38EC01#Psychoactive Air</LocalizationPair>
  <LocalizationPair Name="%PlanetAnomaly34Title">#FFA000#Geothermic Activity</LocalizationPair>
  <LocalizationPair Name="%PlanetAnomaly34Reduction1Title">#38EC01#Geothermic Activity</LocalizationPair>
  <LocalizationPair Name="%PlanetAnomaly35Title">#FFA000#Hostile Fauna</LocalizationPair>
  <LocalizationPair Name="%PlanetAnomaly35Reduction1Title">#38EC01#Hostile Fauna</LocalizationPair>
  <LocalizationPair Name="%PlanetAnomaly36Title">#FFA000#Swamp World</LocalizationPair>
  <LocalizationPair Name="%PlanetAnomaly36Reduction1Title">#38EC01#Swamp World</LocalizationPair>
  <LocalizationPair Name="%PlanetAnomaly37Title">#FFA000#Seismic Activity</LocalizationPair>
  <LocalizationPair Name="%PlanetAnomaly37Reduction1Title">#38EC01#Seismic Activity</LocalizationPair>
  <LocalizationPair Name="%PlanetAnomaly38Title">#FFA000#Long Season</LocalizationPair>
  <LocalizationPair Name="%PlanetAnomaly38Reduction1Title">#38EC01#Long Season</LocalizationPair>
  <LocalizationPair Name="%PlanetAnomaly39Title">#FFA000#Meteor Strikes</LocalizationPair>
  <LocalizationPair Name="%PlanetAnomaly39Reduction1Title">#38EC01#Meteor Strikes</LocalizationPair>
  <!-- Disadvantageous Anomalies -->
  <LocalizationPair Name="%PlanetAnomaly40Title">#EC3800#High Gravity</LocalizationPair>
  <LocalizationPair Name="%PlanetAnomaly40Reduction2Title">#303030#High Gravity</LocalizationPair>
  <LocalizationPair Name="%PlanetAnomaly41Title">#EC3800#Poor Soil</LocalizationPair>
  <LocalizationPair Name="%PlanetAnomaly41Reduction2Title">#303030#Poor Soil</LocalizationPair>
  <LocalizationPair Name="%PlanetAnomaly42Title">#EC3800#Polar Tempests</LocalizationPair>
  <LocalizationPair Name="%PlanetAnomaly42Reduction2Title">#303030#Polar Tempests</LocalizationPair>
  <LocalizationPair Name="%PlanetAnomaly43Title">#EC3800#Corrosive Soil</LocalizationPair>
  <LocalizationPair Name="%PlanetAnomaly43Reduction2Title">#303030#Corrosive Soil</LocalizationPair>
  <LocalizationPair Name="%PlanetAnomaly44Title">#EC3800#Strong Magnetic Field</LocalizationPair>
  <LocalizationPair Name="%PlanetAnomaly44Reduction2Title">#303030#Strong Magnetic Field</LocalizationPair>
  <LocalizationPair Name="%PlanetAnomaly45Title">#EC3800#Mineral Poor</LocalizationPair>
  <LocalizationPair Name="%PlanetAnomaly45Reduction2Title">#303030#Mineral Poor</LocalizationPair>
  <LocalizationPair Name="%PlanetAnomaly46Title">#EC3800#Kessler Syndrome</LocalizationPair>
  <LocalizationPair Name="%PlanetAnomaly46Reduction2Title">#303030#Kessler Syndrome</LocalizationPair>
  <LocalizationPair Name="%PlanetAnomaly47Title">#EC3800#Toxic</LocalizationPair>
  <LocalizationPair Name="%PlanetAnomaly47Reduction2Title">#303030#Toxic</LocalizationPair>
  <LocalizationPair Name="%PlanetAnomaly48Title">#EC3800#Acid Rain</LocalizationPair>
  <LocalizationPair Name="%PlanetAnomaly48Reduction2Title">#303030#Acid Rain</LocalizationPair>
  <LocalizationPair Name="%PlanetAnomaly49Title">#EC3800#EM Radiation</LocalizationPair>
  <LocalizationPair Name="%PlanetAnomaly49Reduction2Title">#303030#EM Radiation</LocalizationPair>
  <LocalizationPair Name="%PlanetAnomaly50Title">#EC3800#Irradiated</LocalizationPair>
  <LocalizationPair Name="%PlanetAnomaly50Reduction2Title">#303030#Irradiated</LocalizationPair>
  

</Datatable>
