<?xml version="1.0" encoding="utf-8"?>
<Datatable xmlns:xsi="http://www.w3.org/2001/XMLSchema-instance" xmlns:xsd="http://www.w3.org/2001/XMLSchema">

<!-- Planets by Class, Thanks to AIL -->
  <!-- Class I - Dark Green -->
  <LocalizationPair Name="%PlanetTypeTerranTitle">#006400#TERRAN</LocalizationPair>
  <LocalizationPair Name="%PlanetTypeOceanTitle">#006400#OCEAN</LocalizationPair>
  <LocalizationPair Name="%PlanetTypeJungleTitle">#006400#JUNGLE</LocalizationPair>
  <!-- CompoundTitle is shown in the Tooltip of Improvements only, not on Exploitations -->
  <LocalizationPair Name="%PlanetTypeTerranCompoundTitle">#006400#TERRAN</LocalizationPair>
  <LocalizationPair Name="%PlanetTypeOceanCompoundTitle">#006400#OCEAN</LocalizationPair>
  <LocalizationPair Name="%PlanetTypeJungleCompoundTitle">#006400#JUNGLE</LocalizationPair>
  <!-- Class II - Light Green-->
  <LocalizationPair Name="%PlanetTypeTundraTitle">#9acd32#TUNDRA</LocalizationPair>
  <LocalizationPair Name="%PlanetTypeAridTitle">#9acd32#ARID</LocalizationPair>
  <LocalizationPair Name="%PlanetTypeTundraCompoundTitle">#9acd32#TUNDRA</LocalizationPair>
  <LocalizationPair Name="%PlanetTypeAridCompoundTitle">#9acd32#ARID</LocalizationPair>
  <!-- Class III - Yellow - TEST -->
  <LocalizationPair Name="%PlanetTypeArcticTitle">#F9D805#ARCTIC</LocalizationPair>
  <LocalizationPair Name="%PlanetTypeDesertTitle">#F9D805#DESERT</LocalizationPair>
  <LocalizationPair Name="%PlanetTypeArcticCompoundTitle">#F9D805#ARCTIC</LocalizationPair>
  <LocalizationPair Name="%PlanetTypeDesertCompoundTitle">#F9D805#DESERT</LocalizationPair>
  <!-- Class IV - Orange -->
  <LocalizationPair Name="%PlanetTypeLavaTitle">#ff8c00#LAVA</LocalizationPair>
  <LocalizationPair Name="%PlanetTypeBarrenTitle">#ff8c00#BARREN</LocalizationPair>
  <LocalizationPair Name="%PlanetTypeLavaCompoundTitle">#ff8c00#LAVA</LocalizationPair>
  <LocalizationPair Name="%PlanetTypeBarrenCompoundTitle">#ff8c00#BARREN</LocalizationPair>
  <!-- Class V - Red -->
  <!-- Un-Comment if you prefer Red Asteroid and Gas Giants! As long as you don't it will stay white text which I prefer -->
  <!-- <LocalizationPair Name="%PlanetTypeGasMethaneTitle">#b22222#GAS METHANE</LocalizationPair>
  <LocalizationPair Name="%PlanetTypeGasHeliumTitle">#b22222#GAS HELIUM</LocalizationPair>
  <LocalizationPair Name="%PlanetTypeGasHydrogenTitle">#b22222#GAS HYDROGEN</LocalizationPair>
  <LocalizationPair Name="%PlanetTypeAsteroidsTitle">#b22222#ASTEROID BELT</LocalizationPair>
  <LocalizationPair Name="%PlanetTypeGasMethaneCompoundTitle">#b22222#METHANE</LocalizationPair>
  <LocalizationPair Name="%PlanetTypeGasHeliumCompoundTitle">#b22222#HELIUM</LocalizationPair>
  <LocalizationPair Name="%PlanetTypeGasHydrogenCompoundTitle">#b22222#HYDROGEN</LocalizationPair>
  <LocalizationPair Name="%PlanetTypeAsteroidsCompoundTitle">#b22222#ASTEROIDS</LocalizationPair> -->
  <!-- Class V - White -->
  <LocalizationPair Name="%PlanetTypeGasMethaneTitle">GAS METHANE</LocalizationPair>
  <LocalizationPair Name="%PlanetTypeGasHeliumTitle">GAS HELIUM</LocalizationPair>
  <LocalizationPair Name="%PlanetTypeGasHydrogenTitle">GAS HYDROGEN</LocalizationPair>
  <LocalizationPair Name="%PlanetTypeAsteroidsTitle">ASTEROID BELT</LocalizationPair>
  <LocalizationPair Name="%PlanetTypeGasMethaneCompoundTitle">METHANE</LocalizationPair>
  <LocalizationPair Name="%PlanetTypeGasHeliumCompoundTitle">HELIUM</LocalizationPair>
  <LocalizationPair Name="%PlanetTypeGasHydrogenCompoundTitle">HYDROGEN</LocalizationPair>
  <LocalizationPair Name="%PlanetTypeAsteroidsCompoundTitle">ASTEROIDS</LocalizationPair>  

<!-- Planet, System and Empire Tooltips -->
  <LocalizationPair Name="%ClassPlanetTitle">#33CCFF#PLANET</LocalizationPair><!-- light blue -->
  <LocalizationPair Name="%ClassPlanetCompoundTitle">#ff00ff#STAR SYSTEM</LocalizationPair><!-- pink --><!-- This used to be "PLANETS" -->
  <LocalizationPair Name="%ClassStarSystemTitle">#ff00ff#STAR SYSTEM</LocalizationPair><!-- pink -->
  <LocalizationPair Name="%ClassStarSystemCompoundTitle">#ff00ff#STAR SYSTEM</LocalizationPair><!-- pink --><!-- This used to be "SYSTEM" -->
  <LocalizationPair Name="%ClassEmpireTitle">#ff8c00#EMPIRE</LocalizationPair><!-- orange -->

<!-- Sower Malus -->
  <LocalizationPair Name="%PlanetStatusTypeColonizableWithMalusTitle">#FFA000#Colonizable (malus)</LocalizationPair>
  <LocalizationPair Name="%PlanetStatusTypeColonizedWithMalusTitle">Colonized #FFA000#(malus: $Percent%)</LocalizationPair>


</Datatable>
