<?xml version="1.0" encoding="utf-8"?>
<Datatable xmlns:xsi="http://www.w3.org/2001/XMLSchema-instance" xmlns:xsd="http://www.w3.org/2001/XMLSchema">

<!-- Luminality -->
<!-- This mod colors several messages -->
  <LocalizationPair Name="%ScrapShipsConfirmationSingle">#ff0000#Are you sure you want to destroy the selected ship permanently?</LocalizationPair>
  <LocalizationPair Name="%ScrapShipsConfirmationPlural">#ff0000#Are you sure you want to destroy all selected ships permanently?</LocalizationPair>
  <LocalizationPair Name="%ScrapBuildingsConfirmationSingle">#ff0000#Are you sure you want to scrap the selected building permanently?</LocalizationPair>
  <LocalizationPair Name="%ScrapBuildingsConfirmationPlural">#ff0000#Are you sure you want to scrap the selected buildings permanently?</LocalizationPair>
  <LocalizationPair Name="%DisbandFleetAndScrapConfirmation">Are you sure you want to disband the selected fleet? #ff0000#Ships will be scrapped and destroyed permanently.</LocalizationPair>


  
</Datatable>
