<?xml version="1.0" encoding="utf-8"?>
<Datatable xmlns:xsi="http://www.w3.org/2001/XMLSchema-instance" xmlns:xsd="http://www.w3.org/2001/XMLSchema">
  <LocalizationPair Name="%TraitIndustry01NormTitle">Industrialists</LocalizationPair>
  <LocalizationPair Name="%TraitIndustryNormDescription">Your empire is particularly industrious and produces more industry per population.</LocalizationPair>
  <LocalizationPair Name="%TraitExpansion01NormTitle">Diaspora</LocalizationPair>
  <LocalizationPair Name="%TraitExpansionNormDescription">Your people have a great yen for the distant horizon and are happier with expanding borders, Lessens the impact of overcolonization.</LocalizationPair>
  <LocalizationPair Name="%TraitTink01NormTitle">Tinkerers</LocalizationPair>
  <LocalizationPair Name="%TraitTinkNormDescription">Your engineers have a natural talent for repairing and refurbishing equipment, Higher rate of healing and lower cost to refit ships.</LocalizationPair>
  <LocalizationPair Name="%TraitMH01NormTitle">Military Hegemony</LocalizationPair>
  <LocalizationPair Name="%TraitMHNormDescription">Your military are expert at learning and developing new military tactics, Ship XP gain is increased.</LocalizationPair>
  <LocalizationPair Name="%TraitBureau01NormTitle">Bureaucracy</LocalizationPair>
  <LocalizationPair Name="%TraitBureauNormDescription">Your empire has a large and highly efficient government, More slots for heroes and new heroes arrive more quickly.</LocalizationPair>
  <LocalizationPair Name="%TraitWorship01NormTitle">Hero Worship</LocalizationPair>
  <LocalizationPair Name="%TraitWorshipNormDescription">Your people adore the empires heroes inspiring them to greater heights, Heroes gain XP faster.</LocalizationPair>
  <LocalizationPair Name="%TraitHSN01NormTitle">Capitalists</LocalizationPair>
  <LocalizationPair Name="%TraitHSNNormDescription">Your empire espouses the ideals of capitalism, Buyout costs are lessened.</LocalizationPair>
  <LocalizationPair Name="%TraitBlitz01NormTitle">Blitzkrieg</LocalizationPair>
  <LocalizationPair Name="%TraitBlitzNormDescription">Your military has a particular nack for invading enemy planets, Invasion power is increased for your fleets.</LocalizationPair>
  <LocalizationPair Name="%TraitLogistics01NormTitle">Expert Logistics</LocalizationPair>
  <LocalizationPair Name="%TraitLogisticsNormDescription">Your military supply lines are more pervasive and efficient, Lower ship upkeep costs.</LocalizationPair>
  <LocalizationPair Name="%TraitEconomy10Norm3TooltipEffect">       +64 $(Money) AT START</LocalizationPair>
  <LocalizationPair Name="%TraitEconomy10Norm4TooltipEffect">       +120 $(Money) AT START</LocalizationPair>
  <LocalizationPair Name="%TraitEconomy10Norm5TooltipEffect">       +240 $(Money) AT START</LocalizationPair>
  <LocalizationPair Name="%TraitScience03Norm3TooltipEffect">COLONIZES ALL PLANETS (NO MALUS)</LocalizationPair>
  <LocalizationPair Name="%TraitHero03Norm3TooltipEffect">  -6 UPKEEP ON HEROES</LocalizationPair>
  <LocalizationPair Name="%TraitHero03Norm4TooltipEffect">  -8 UPKEEP ON HEROES</LocalizationPair>
  <LocalizationPair Name="%TraitHero04Norm3TooltipEffect">  THE HERO WILL BE INJURED IF YOU USE THE "RETREAT" BATTLE ACTION.</LocalizationPair>
  <LocalizationPair Name="%TraitHero04Norm4TooltipEffect">  THE HERO WILL BE INJURED IF YOU USE THE "RETREAT" BATTLE ACTION.</LocalizationPair>
  <LocalizationPair Name="%TraitSelfSuff01NormTitle">Self Sufficiency</LocalizationPair>
  <LocalizationPair Name="%TraitSelfSuffNormDescription">Your population is highly self sufficient, Demand for food is lessened.</LocalizationPair>
  <LocalizationPair Name="%TraitInspInt01NormTitle">Inspired Intellectuals</LocalizationPair>
  <LocalizationPair Name="%TraitInspIntNormDescription">Your population is very intelligent and prone to brilliant inspiration, Lower technology costs.</LocalizationPair>
  <LocalizationPair Name="%TraitSubTerr01NormTitle">Subterranean Dwellers</LocalizationPair>
  <LocalizationPair Name="%TraitSubTerrNormDescription">Your population prefers to dwell underground in cozy confined spaces, Higher population on planets where burrowing is possible.</LocalizationPair>
  <LocalizationPair Name="%TraitSpacer01NormTitle">Natural Spacefarers</LocalizationPair>
  <LocalizationPair Name="%TraitSpacerNormDescription">Your population are naturally inclined to living in space and have little tolerance for being confined to planets, Higher population in Asteroid and Orbital settlements.</LocalizationPair>
  <LocalizationPair Name="%ShipXPPerBattleVictoryTitle">SHIP XP BONUS FOR EACH VICTORY</LocalizationPair>
  <LocalizationPair Name="%ShipXPPerBattleDefeatTitle">SHIP XP BONUS FOR EACH DEFEAT</LocalizationPair>
  <LocalizationPair Name="%ShipXPPerBattleDrawTitle">SHIP XP BONUS FOR EACH DRAW</LocalizationPair>
  <LocalizationPair Name="%ShipXPPerBattleDefaultTitle">SHIP XP BONUS FOR EACH ENGAGEMENT</LocalizationPair>
  <LocalizationPair Name="%RetroshipCostPercentTitle">BONUS FOR RETROFIT COST</LocalizationPair>
  <LocalizationPair Name="%TraitCommunal01NormTitle">Communalism*</LocalizationPair>
  <LocalizationPair Name="%TraitCommunalNormDescription">Your population is happiest living in close quarters with tight nit community, they are not so pleased when spread out and unable to bond closely with one another.</LocalizationPair>
  <LocalizationPair Name="%TraitEnhGrowth01NormTitle">Enhanced Population Growth</LocalizationPair>
  <LocalizationPair Name="%TraitEnhGrowthNormDescription">Your population fucks like rabbits and reproduces twices as fast.</LocalizationPair>
  <LocalizationPair Name="%TraitTrulyTolerantTitle">Biosphere Adaptability</LocalizationPair>
  <LocalizationPair Name="%TraitTrulyTolerantDescription">Your species is fully adaptable to any environmental conditions and capable of thriving anywhere.</LocalizationPair>
  <LocalizationPair Name="%AdaptTundraTitle">Advanced Tundra Biosphere Adaptation</LocalizationPair>
  <LocalizationPair Name="%AdaptTundraDescription">With the development of this technology your species can now take full advantage of Tundra Biospheres, thriving there as if it were their native environment.</LocalizationPair>
  <LocalizationPair Name="%AdaptAridTitle">Advanced Arid Biosphere Adaptation</LocalizationPair>
  <LocalizationPair Name="%AdaptAridDescription">With the development of this technology your species can now take full advantage of Arid Biospheres, thriving there as if it were their native environment.</LocalizationPair>
  <LocalizationPair Name="%AdaptDesertTitle">Advanced Desert Biosphere Adaptation</LocalizationPair>
  <LocalizationPair Name="%AdaptDesertDescription">With the development of this technology your species can now take full advantage of Desert Biospheres, thriving there as if it were their native environment.</LocalizationPair>
  <LocalizationPair Name="%AdaptArcticTitle">Advanced Arctic Biosphere Adaptation</LocalizationPair>
  <LocalizationPair Name="%AdaptArcticDescription">With the development of this technology your species can now take full advantage of Arctic Biospheres, thriving there as if it were their native environment.</LocalizationPair>
  <LocalizationPair Name="%AdaptBarrenTitle">Advanced Barren and Lava Biosphere Adaptation</LocalizationPair>
  <LocalizationPair Name="%AdaptBarrenDescription">With the development of this advanced technology your species can now take full advantage of Barren and Lava Biospheres, thriving there as if it were their native environment.</LocalizationPair>
  <LocalizationPair Name="%AdaptAsteroidsTitle">Advanced Vacuum Adaptation</LocalizationPair>
  <LocalizationPair Name="%AdaptAsteroidsDescription">With the development of this highly advanced technology your species can now survive naked in the airless vacuum of space with little to no outside support.</LocalizationPair>
  <LocalizationPair Name="%AdaptGasTitle">Advanced Gas Giant Biosphere Adaptation</LocalizationPair>
  <LocalizationPair Name="%AdaptGasDescription">With the development of this highly advanced technology your species can now take full advantage of Gas Giants soaring amongst their clouds and living free as any native species might.</LocalizationPair>
  <LocalizationPair Name="%TraitCyberneticsTitle">Cybernetics*</LocalizationPair>
  <LocalizationPair Name="%TraitCyberneticsDescription">Your Species has completely embraced Cybernetics, every citizen is an extensively modified Biotechnic Organism.</LocalizationPair>
  <LocalizationPair Name="%TraitJuryrigTitle">Jury Rigging*</LocalizationPair>
  <LocalizationPair Name="%TraitJuryrigDescription">Your engineers are adept at quick and dirty assembly methods, your ships get built fast but sloppily.</LocalizationPair>
  <LocalizationPair Name="%TraitMilComTitle">Military Industrial Complex*</LocalizationPair>
  <LocalizationPair Name="%TraitMilComDescription">With deep ties between your military and civilian industry, ship production is fast and cheap but kickbacks and budget overruns cost you dust on the back end.</LocalizationPair>
  <LocalizationPair Name="%TraitLarcenyTitle">Larcenous Practices*</LocalizationPair>
  <LocalizationPair Name="%TraitLarcenyDescription">Your government is very cozy with the shadier elements of society, taking advantage of these larcenous sources may provide additional dust but the crime rate does nothing to keep your populace happy.</LocalizationPair>
  <LocalizationPair Name="%TraitMadSciTitle">Mad Scientists*</LocalizationPair>
  <LocalizationPair Name="%TraitMadSciDescription">Earth Shattering KABOOM!!!.</LocalizationPair>
  <LocalizationPair Name="%TraitUnsafeTitle">Unsafe Practices*</LocalizationPair>
  <LocalizationPair Name="%TraitUnsafeDescription">What? it explodes? good!</LocalizationPair>
  <LocalizationPair Name="%TraitDamTorpTitle">Damn the Torpedoes*</LocalizationPair>
  <LocalizationPair Name="%TraitDamTorpDescription">Divert all power from weapons to the engines... RAMMING SPEED!!</LocalizationPair>
  <LocalizationPair Name="%TraitPhilosophyTitle">Philosophers*</LocalizationPair>
  <LocalizationPair Name="%TraitPhilosophyDescription">Yo man expand your mind sit back and relax, thinking big thoughts takes time... no I don't want to pick up that wrench.</LocalizationPair>
  <LocalizationPair Name="%TraitHvyWldTitle">Heavy Worlders*</LocalizationPair>
  <LocalizationPair Name="%TraitHvyWldDescription">Your species developed on a high gravity world and while they can achieve amazing things on a low gravity world the impact on their health makes it hard for them to lead long and happy lives.</LocalizationPair>
  <LocalizationPair Name="%TraitSilicoidTitle">Silicon Lifeform*</LocalizationPair>
  <LocalizationPair Name="%TraitSilicoidDescription">You are a race of silicon based lifeforms, being extremely hardy and able to derive nourishment from nearly anything allows your species to thrive nearly anywhere.</LocalizationPair>
  <LocalizationPair Name="%TraitTechnoTitle">Technocrats*</LocalizationPair>
  <LocalizationPair Name="%TraitTechnoDescription">You have all the best toys and latest gadgets, riding the cutting edge does come at a price though.</LocalizationPair>
  <LocalizationPair Name="%TraitPhobesTitle">Technophobes*</LocalizationPair>
  <LocalizationPair Name="%TraitPhobesDescription">Your people have a natural aversion to high technology, they are however naturally agrarian and skilled builders.</LocalizationPair>
  <LocalizationPair Name="%TraitMastArtTitle">Master Artisan Builders*</LocalizationPair>
  <LocalizationPair Name="%TraitMastArtDescription">Your engineers are exacting and skilled, they produce items of exquisite workmanship and durability, such perfection takes a great deal of time and effort however.</LocalizationPair>
  <LocalizationPair Name="%TraitExpansionistTitle">Expansionist Race*</LocalizationPair>
  <LocalizationPair Name="%TraitExpansionistDescription">Your people have a natural disinclination to live in enclosed spaces, they yearn for solitude and new experiences, let them spread far and wide.</LocalizationPair>
  <LocalizationPair Name="%TraitMilCom01TooltipEffect">  30% INCREASE TO SHIP UPKEEP COSTS.</LocalizationPair>
  <LocalizationPair Name="%TraitTechno01TooltipEffect">  50% INCREASE TO ALL UPKEEP COSTS.</LocalizationPair>
  <LocalizationPair Name="%TraitMastArt01TooltipEffect">  80% REDUCTION IN ALL UPKEEP COSTS.</LocalizationPair>
  <LocalizationPair Name="%TraitSilicoid01TooltipEffect">  BEGINS GAME WITH THE ABILITY TO COLONIZE ANY PLANET TYPE.</LocalizationPair>
  <LocalizationPair Name="%TraitTuningTitle">TUNING</LocalizationPair>
  <LocalizationPair Name="%TraitTuneApproval01NormTitle">Minor Approval Bonus</LocalizationPair>
  <LocalizationPair Name="%TraitTuneApproval01NormDescription">A small boost to empire wide approval.</LocalizationPair>
  <LocalizationPair Name="%TraitTuneApproval02NormTitle">Minor Approval Malus</LocalizationPair>
  <LocalizationPair Name="%TraitTuneApproval02NormDescription">A small reduction in empire wide approval.</LocalizationPair>
  <LocalizationPair Name="%TraitTuneUpkeep01NormTitle">Minor Upkeep Bonus</LocalizationPair>
  <LocalizationPair Name="%TraitTuneUpkeep01NormDescription">A small reduction to empire wide upkeep costs.</LocalizationPair>
  <LocalizationPair Name="%TraitTuneUpkeep01NormTooltipEffect">  5% REDUCTION TO UPKEEP COSTS.</LocalizationPair>
  <LocalizationPair Name="%TraitTuneUpkeep02NormTitle">Minor Upkeep Malus</LocalizationPair>
  <LocalizationPair Name="%TraitTuneUpkeep02NormDescription">A small increase in empire wide upkeep costs.</LocalizationPair>
  <LocalizationPair Name="%TraitTuneUpkeep02NormTooltipEffect">  5% INCREASE TO UPKEEP COSTS.</LocalizationPair>
  <LocalizationPair Name="%TraitTuneDefense01NormTitle">Minor Defense Bonus</LocalizationPair>
  <LocalizationPair Name="%TraitTuneDefense01NormDescription">A minor increase to overall ship defense values.</LocalizationPair>
  <LocalizationPair Name="%TraitTuneDefense02NormTitle">Minor Defense Malus</LocalizationPair>
  <LocalizationPair Name="%TraitTuneDefense02NormDescription">A minor decrease in overall ship defense values.</LocalizationPair>
  <LocalizationPair Name="%TraitTuneTrade01NormTitle">Minor Trade Route Bonus</LocalizationPair>
  <LocalizationPair Name="%TraitTuneTrade01NormDescription">A small improvement in traderoute efficiency.</LocalizationPair>
  <LocalizationPair Name="%TraitTuneTrade02NormTitle">Minor Trade Route Malus</LocalizationPair>
  <LocalizationPair Name="%TraitTuneTrade02NormDescription">A minor reduction in traderoute efficiency.</LocalizationPair>
  <LocalizationPair Name="%TraitTunePowers01NormTitle">Minor Hero Power Cost Bonus</LocalizationPair>
  <LocalizationPair Name="%TraitTunePowers01NormDescription">A small reduction in the cost of dust based hero abilities.</LocalizationPair>
  <LocalizationPair Name="%TraitTunePowers02NormTitle">Minor Hero Power Cost Malus</LocalizationPair>
  <LocalizationPair Name="%TraitTunePowers02NormDescription">A small increase in the cost of dust based hero abilities.</LocalizationPair>
  <LocalizationPair Name="%TraitTuneHealing01NormTitle">Minor Hero Healing Bonus</LocalizationPair>
  <LocalizationPair Name="%TraitTuneHealing01NormDescription">A small reduction in the cost of healing wounded heroes.</LocalizationPair>
  <LocalizationPair Name="%TraitTuneHealing02NormTitle">Minor Hero Healing Malus</LocalizationPair>
  <LocalizationPair Name="%TraitTuneHealing02NormDescription">A small increase in the cost of healing wounded heroes.</LocalizationPair>
  <LocalizationPair Name="%ClassHeroFleetTitle">COMMANDER</LocalizationPair>
  <LocalizationPair Name="%TraitCompoundTitle">COMPOUND TRAITS</LocalizationPair>
  <LocalizationPair Name="%TraitPop01NormTitle">Planetary Arcologies</LocalizationPair>
  <LocalizationPair Name="%TraitPop01NormDescription">By building massive unified habitat structures you are able to pack far more population onto your worlds.</LocalizationPair>
  <LocalizationPair Name="%TraitUpkeep01NormTitle">Highly Efficient Maintenance Routines</LocalizationPair>
  <LocalizationPair Name="%TraitUpkeep01NormDescription">Your imperial logisticians have developed extraordinarily effective maintenance routines.</LocalizationPair>
  <LocalizationPair Name="%TraitUpkeep01Norm1TooltipEffect">  10% REDUCTION TO UPKEEP COSTS.</LocalizationPair>
  <LocalizationPair Name="%TraitUpkeep01Norm2TooltipEffect">  20% REDUCTION TO UPKEEP COSTS.</LocalizationPair>
  <LocalizationPair Name="%TraitUpkeep01Norm3TooltipEffect">  30% REDUCTION TO UPKEEP COSTS.</LocalizationPair>
  <LocalizationPair Name="%TraitUpkeep01Norm4TooltipEffect">  40% REDUCTION TO UPKEEP COSTS.</LocalizationPair>
  <LocalizationPair Name="%TraitUpkeep01Norm5TooltipEffect">  50% REDUCTION TO UPKEEP COSTS.</LocalizationPair>
  <LocalizationPair Name="%TraitEconomy14Norm1Description">Luxury bonus is doubled.</LocalizationPair>
  <LocalizationPair Name="%TraitEconomy14Norm2Description">Luxury bonus is increased by 150%.</LocalizationPair>
  <LocalizationPair Name="%TraitEconomy14TooltipEffect2"> +100% LUXURY BONUS.</LocalizationPair>
  <LocalizationPair Name="%TraitEconomy14TooltipEffect3"> +150% LUXURY BONUS.</LocalizationPair>
  <LocalizationPair Name="%TraitEconomy11Norm1Description">Gains monopoly on strategic resources with only 2 deposits.</LocalizationPair>
</Datatable>