<?xml version="1.0" encoding="utf-8"?>
<Datatable xmlns:xsi="http://www.w3.org/2001/XMLSchema-instance" xmlns:xsd="http://www.w3.org/2001/XMLSchema">
  <LocalizationPair Name="%TraitIndustry01NormTitle">Industrialists</LocalizationPair>
  <LocalizationPair Name="%%TraitIndustryNormDescription">Your empire is particularly industrious, Produce more industry per population.</LocalizationPair>
  <LocalizationPair Name="%TraitExpansion01NormTitle">Expansionists</LocalizationPair>
  <LocalizationPair Name="%TraitExpansionNormDescription">Your people have a great yen for the distant horizon and are happier with expanding boarders, Less overcolonization impact.</LocalizationPair>
  <LocalizationPair Name="%TraitTink01NormTitle">Tinkerers</LocalizationPair>
  <LocalizationPair Name="%TraitTinkNormDescription">Your engineers have a natural talent for repairing and refurbishing equipment, Higher rate of healing and lower cost to refit ships.</LocalizationPair>
  <LocalizationPair Name="%TraitMH01NormTitle">Military Hegemony</LocalizationPair>
  <LocalizationPair Name="%TraitMHNormDescription">Your military are expert at learning and developing new military tactics, Ship XP gain is increased.</LocalizationPair>
  <LocalizationPair Name="%TraitBureau01NormTitle">Bureaucracy</LocalizationPair>
  <LocalizationPair Name="%TraitBureauNormDescription">Your empire has a large and highly efficient government, More slots for heroes and new heroes arrive more quickly.</LocalizationPair>
  <LocalizationPair Name="%TraitWorship01NormTitle">Hero Worship</LocalizationPair>
  <LocalizationPair Name="%TraitWorshipNormDescription">Your people adore the empires heroes inspiring them to greater heights, Heroes gain XP faster.</LocalizationPair>
  <LocalizationPair Name="%TraitHSN01NormTitle">Capitalists</LocalizationPair>
  <LocalizationPair Name="%TraitHSNNormDescription">Your empire espouses the ideals of capitalism, Buyout costs are lessened.</LocalizationPair>
  <LocalizationPair Name="%TraitBlitz01NormTitle">Blitzkrieg</LocalizationPair>
  <LocalizationPair Name="%TraitBlitzNormDescription">Your military has a particular nack for invading enemy planets, Invasion power is increased for your fleets.</LocalizationPair>
  <LocalizationPair Name="%TraitLogistics01NormTitle">Expert Logistics</LocalizationPair>
  <LocalizationPair Name="%TraitLogisticsNormDescription">Your military supply lines are more pervasive and efficient, Lower ship upkeep costs.</LocalizationPair>
  <LocalizationPair Name="%TraitEconomy10Norm3TooltipEffect">       +64 $(Money) AT START</LocalizationPair>
  <LocalizationPair Name="%TraitEconomy10Norm4TooltipEffect">       +120 $(Money) AT START</LocalizationPair>
  <LocalizationPair Name="%TraitEconomy10Norm5TooltipEffect">       +240 $(Money) AT START</LocalizationPair>
  <LocalizationPair Name="%TraitScience03Norm3TooltipEffect">COLONIZES ALL PLANETS (NO MALUS)</LocalizationPair>
  <LocalizationPair Name="%TraitHero03Norm3TooltipEffect">-6 UPKEEP ON HEROES</LocalizationPair>
  <LocalizationPair Name="%TraitHero03Norm4TooltipEffect">-8 UPKEEP ON HEROES</LocalizationPair>
  <LocalizationPair Name="%TraitHero04Norm3TooltipEffect">THE HERO WILL BE INJURED IF YOU USE THE "RETREAT" BATTLE ACTION.</LocalizationPair>
  <LocalizationPair Name="%TraitHero04Norm4TooltipEffect">THE HERO WILL BE INJURED IF YOU USE THE "RETREAT" BATTLE ACTION.</LocalizationPair>
  <LocalizationPair Name="%TraitSelfSuff01NormTitle">Self Sufficiency</LocalizationPair>
  <LocalizationPair Name="%TraitSelfSuffNormDescription">Your population is highly self sufficient, Demand for food is lessened.</LocalizationPair>
  <LocalizationPair Name="%TraitInspInt01NormTitle">Inspired Intellectuals</LocalizationPair>
  <LocalizationPair Name="%TraitInspIntNormDescription">Your population is very intelligent and prone to brilliant inspiration, Lower technology costs.</LocalizationPair>
  <LocalizationPair Name="%TraitSubTerr01NormTitle">Subterranean Dwellers</LocalizationPair>
  <LocalizationPair Name="%TraitSubTerrNormDescription">Your population prefers to dwell underground in cozy confined spaces, Higher population on planets where burrowing is possible.</LocalizationPair>
  <LocalizationPair Name="%TraitSpacer01NormTitle">Natural Spacefarers</LocalizationPair>
  <LocalizationPair Name="%TraitSpacerNormDescription">Your population are naturally inclined to living in space and have little tolerance for being confined to planets, Higher population in Asteroid and Orbital settlements.</LocalizationPair>
  <LocalizationPair Name="%ShipXPPerBattleVictoryTitle">SHIP XP BONUS FOR EACH VICTORY</LocalizationPair>
  <LocalizationPair Name="%ShipXPPerBattleDefeatTitle">SHIP XP BONUS FOR EACH DEFEAT</LocalizationPair>
  <LocalizationPair Name="%ShipXPPerBattleDrawTitle">SHIP XP BONUS FOR EACH DRAW</LocalizationPair>
  <LocalizationPair Name="%ShipXPPerBattleDefaultTitle">SHIP XP BONUS FOR EACH ENGAGEMENT</LocalizationPair>
  <LocalizationPair Name="%RetroshipCostPercentTitle">BONUS FOR RETROFIT COST</LocalizationPair>
  </Datatable>